year,new_hpv_screens,new_poc_hpv_screens,new_ave_screens,new_via_screens,new_thermal_ablations,new_leeps,new_cancer_treatments,new_cancers,new_cancer_deaths,new_other_deaths,av_age_cancers,av_age_cancer_deaths,av_age_other_deaths,location,seed,primary,triage,precin,cin1,cin2,cin3,cancerous,ltfu,scen_label
2020.0,0.0,0.0,0.0,0.0,0.0,0.0,0.0,10954.9130859375,5864.230712890625,2151936.75,47.29279708862305,54.90625,,nigeria,0,,,,,,,,,No screening
2021.0,0.0,0.0,0.0,0.0,0.0,0.0,0.0,11706.360107421875,6402.03076171875,2266922.75,47.07286834716797,55.05581283569336,,nigeria,0,,,,,,,,,No screening
2022.0,0.0,0.0,0.0,0.0,0.0,0.0,0.0,11905.27197265625,6166.2828369140625,2186370.5,46.04302215576172,55.19213104248047,,nigeria,0,,,,,,,,,No screening
2023.0,0.0,0.0,0.0,0.0,0.0,0.0,0.0,11934.740661621094,6416.76513671875,2168291.5,46.224735260009766,56.46122360229492,,nigeria,0,,,,,,,,,No screening
2024.0,0.0,0.0,0.0,0.0,0.0,0.0,0.0,12479.907836914062,6379.9296875,2327517.5,47.04022979736328,53.701087951660156,,nigeria,0,,,,,,,,,No screening
2025.0,0.0,0.0,0.0,0.0,0.0,0.0,0.0,13069.278076171875,7057.705078125,2301968.25,47.52616882324219,55.6669921875,,nigeria,0,,,,,,,,,No screening
2026.0,0.0,0.0,0.0,0.0,0.0,0.0,0.0,13172.417236328125,6902.99560546875,2324047.5,47.0,55.26222229003906,,nigeria,0,,,,,,,,,No screening
2027.0,0.0,0.0,0.0,0.0,0.0,0.0,0.0,12951.403625488281,6998.76806640625,2421610.25,47.09937286376953,55.546810150146484,,nigeria,0,,,,,,,,,No screening
2028.0,0.0,0.0,0.0,0.0,0.0,0.0,0.0,14122.776428222656,7529.2005615234375,2436005.5,47.195858001708984,55.167938232421875,,nigeria,0,,,,,,,,,No screening
2029.0,0.0,0.0,0.0,0.0,0.0,0.0,0.0,14410.094421386719,7588.137451171875,2411539.5,46.53548049926758,55.66548156738281,,nigeria,0,,,,,,,,,No screening
2030.0,0.0,0.0,0.0,0.0,0.0,0.0,0.0,14903.691162109375,7875.455322265625,2544987.5,47.351924896240234,55.53879165649414,,nigeria,0,,,,,,,,,No screening
2031.0,0.0,0.0,0.0,0.0,0.0,0.0,0.0,15382.554321289062,8192.2412109375,2449465.5,46.859310150146484,54.5780143737793,,nigeria,0,,,,,,,,,No screening
2032.0,0.0,0.0,0.0,0.0,0.0,0.0,0.0,15478.326904296875,8531.12890625,2572946.0,48.1263542175293,55.015357971191406,,nigeria,0,,,,,,,,,No screening
2033.0,0.0,0.0,0.0,0.0,0.0,0.0,0.0,15883.518432617188,8781.611083984375,2574669.75,46.89944839477539,56.44204330444336,,nigeria,0,,,,,,,,,No screening
2034.0,0.0,0.0,0.0,0.0,0.0,0.0,0.0,16774.94091796875,9179.435791015625,2607681.75,48.17383575439453,55.31168746948242,,nigeria,0,,,,,,,,,No screening
2035.0,0.0,0.0,0.0,0.0,0.0,0.0,0.0,17496.918823242188,9363.61376953125,2753241.5,47.33588790893555,55.07188415527344,,nigeria,0,,,,,,,,,No screening
2036.0,0.0,0.0,0.0,0.0,0.0,0.0,0.0,18042.085083007812,9871.945556640625,2734912.0,47.00288009643555,55.54507064819336,,nigeria,0,,,,,,,,,No screening
2037.0,0.0,0.0,0.0,0.0,0.0,0.0,0.0,18064.186889648438,10011.921142578125,2751186.0,46.79472732543945,55.68897247314453,,nigeria,0,,,,,,,,,No screening
2038.0,0.0,0.0,0.0,0.0,0.0,0.0,0.0,18152.59197998047,10549.721435546875,2721614.25,46.449161529541016,55.64130401611328,,nigeria,0,,,,,,,,,No screening
2039.0,0.0,0.0,0.0,0.0,0.0,0.0,0.0,19095.584350585938,10814.937744140625,2787992.25,47.581050872802734,56.421875,,nigeria,0,,,,,,,,,No screening
2040.0,0.0,0.0,0.0,0.0,0.0,0.0,0.0,19626.01739501953,10881.2421875,2867630.5,47.656768798828125,56.063560485839844,,nigeria,0,,,,,,,,,No screening
2041.0,0.0,0.0,0.0,0.0,0.0,0.0,0.0,19765.992919921875,11396.940673828125,3003863.5,47.30118179321289,56.24590301513672,,nigeria,0,,,,,,,,,No screening
2042.0,0.0,0.0,0.0,0.0,0.0,0.0,0.0,20421.66717529297,11654.7900390625,2894955.5,47.87152099609375,56.019630432128906,,nigeria,0,,,,,,,,,No screening
2043.0,0.0,0.0,0.0,0.0,0.0,0.0,0.0,22123.47314453125,11632.6884765625,3048457.0,47.52516174316406,56.115943908691406,,nigeria,0,,,,,,,,,No screening
2044.0,0.0,0.0,0.0,0.0,0.0,0.0,0.0,21688.8125,12199.95751953125,3059315.75,48.1003532409668,56.46658706665039,,nigeria,0,,,,,,,,,No screening
2045.0,0.0,0.0,0.0,0.0,0.0,0.0,0.0,21924.560485839844,12921.935791015625,3135278.25,46.7713623046875,55.66824722290039,,nigeria,0,,,,,,,,,No screening
2046.0,0.0,0.0,0.0,0.0,0.0,0.0,0.0,22830.716552734375,13363.963623046875,3184314.0,47.48629379272461,56.31739044189453,,nigeria,0,,,,,,,,,No screening
2047.0,0.0,0.0,0.0,0.0,0.0,0.0,0.0,22845.451416015625,13061.9111328125,3209104.25,47.468509674072266,55.47136688232422,,nigeria,0,,,,,,,,,No screening
2048.0,0.0,0.0,0.0,0.0,0.0,0.0,0.0,24407.281616210938,13769.1552734375,3293060.0,47.40452194213867,55.68901062011719,,nigeria,0,,,,,,,,,No screening
2049.0,0.0,0.0,0.0,0.0,0.0,0.0,0.0,25011.384887695312,14469.031982421875,3263930.5,47.94677734375,56.348670959472656,,nigeria,0,,,,,,,,,No screening
2050.0,0.0,0.0,0.0,0.0,0.0,0.0,0.0,24738.802368164062,14262.752685546875,3309238.0,47.37047576904297,55.86831283569336,,nigeria,0,,,,,,,,,No screening
2051.0,0.0,0.0,0.0,0.0,0.0,0.0,0.0,26035.415405273438,15102.603759765625,3478151.5,47.93861770629883,55.76848220825195,,nigeria,0,,,,,,,,,No screening
2052.0,0.0,0.0,0.0,0.0,0.0,0.0,0.0,26705.823608398438,15235.212646484375,3525301.0,48.28571319580078,56.39179229736328,,nigeria,0,,,,,,,,,No screening
2053.0,0.0,0.0,0.0,0.0,0.0,0.0,0.0,27214.1552734375,15316.25,3485393.25,48.464908599853516,56.31215286254883,,nigeria,0,,,,,,,,,No screening
2054.0,0.0,0.0,0.0,0.0,0.0,0.0,0.0,27810.892211914062,16524.45751953125,3617817.25,48.3053092956543,56.00925827026367,,nigeria,0,,,,,,,,,No screening
2055.0,0.0,0.0,0.0,0.0,0.0,0.0,0.0,27774.05712890625,16634.96435546875,3724699.75,48.069400787353516,56.74701690673828,,nigeria,0,,,,,,,,,No screening
2056.0,0.0,0.0,0.0,0.0,0.0,0.0,0.0,28724.416259765625,17290.6376953125,3691024.5,48.503910064697266,56.90579605102539,,nigeria,0,,,,,,,,,No screening
2057.0,0.0,0.0,0.0,0.0,0.0,0.0,0.0,29402.191772460938,17548.4873046875,3758728.25,48.489837646484375,56.45041275024414,,nigeria,0,,,,,,,,,No screening
2058.0,0.0,0.0,0.0,0.0,0.0,0.0,0.0,30212.5751953125,17784.23486328125,3777035.75,48.376792907714844,56.49331283569336,,nigeria,0,,,,,,,,,No screening
2059.0,0.0,0.0,0.0,0.0,0.0,0.0,0.0,31140.83251953125,18469.3779296875,3882857.0,48.65909194946289,56.092472076416016,,nigeria,0,,,,,,,,,No screening
2060.0,0.0,0.0,0.0,0.0,0.0,0.0,0.0,32710.029174804688,19147.1533203125,3979720.0,48.93247985839844,56.78773498535156,,nigeria,0,,,,,,,,,No screening
2020.0,0.0,0.0,0.0,0.0,0.0,0.0,0.0,10498.151458740234,5657.9510498046875,2201046.0,46.535125732421875,55.90837860107422,,nigeria,1,,,,,,,,,No screening
2021.0,0.0,0.0,0.0,0.0,0.0,0.0,0.0,12030.513061523438,6070.51025390625,2306543.25,46.167091369628906,54.12089157104492,,nigeria,1,,,,,,,,,No screening
2022.0,0.0,0.0,0.0,0.0,0.0,0.0,0.0,11691.625732421875,6578.8419189453125,2171548.0,46.63697814941406,55.59851837158203,,nigeria,1,,,,,,,,,No screening
2023.0,0.0,0.0,0.0,0.0,0.0,0.0,0.0,12074.716247558594,6004.2061767578125,2235457.75,47.199432373046875,55.88756561279297,,nigeria,1,,,,,,,,,No screening
2024.0,0.0,0.0,0.0,0.0,0.0,0.0,0.0,12450.439270019531,6586.208984375,2172402.5,47.1846809387207,54.73617172241211,,nigeria,1,,,,,,,,,No screening
2025.0,0.0,0.0,0.0,0.0,0.0,0.0,0.0,12789.326721191406,7079.8062744140625,2308561.75,47.14799499511719,55.041175842285156,,nigeria,1,,,,,,,,,No screening
2026.0,0.0,0.0,0.0,0.0,0.0,0.0,0.0,13032.441955566406,7101.9073486328125,2317896.0,47.26773452758789,53.73173522949219,,nigeria,1,,,,,,,,,No screening
2027.0,0.0,0.0,0.0,0.0,0.0,0.0,0.0,13481.836608886719,7205.0472412109375,2352646.5,47.0642204284668,53.027000427246094,,nigeria,1,,,,,,,,,No screening
2028.0,0.0,0.0,0.0,0.0,0.0,0.0,0.0,13864.927185058594,7035.6036376953125,2466571.75,48.071868896484375,55.826629638671875,,nigeria,1,,,,,,,,,No screening
2029.0,0.0,0.0,0.0,0.0,0.0,0.0,0.0,15036.299682617188,7845.9864501953125,2465820.5,47.01339340209961,55.95790481567383,,nigeria,1,,,,,,,,,No screening
2030.0,0.0,0.0,0.0,0.0,0.0,0.0,0.0,14925.792053222656,8280.646240234375,2417919.5,46.2725944519043,55.296390533447266,,nigeria,1,,,,,,,,,No screening
2031.0,0.0,0.0,0.0,0.0,0.0,0.0,0.0,15574.10009765625,8199.60791015625,2564473.5,47.680152893066406,54.58680725097656,,nigeria,1,,,,,,,,,No screening
2032.0,0.0,0.0,0.0,0.0,0.0,0.0,0.0,15456.22509765625,8833.1806640625,2532338.25,46.372982025146484,56.75528335571289,,nigeria,1,,,,,,,,,No screening
2033.0,0.0,0.0,0.0,0.0,0.0,0.0,0.0,16546.559448242188,8892.11767578125,2617634.75,48.25045394897461,56.10887145996094,,nigeria,1,,,,,,,,,No screening
2034.0,0.0,0.0,0.0,0.0,0.0,0.0,0.0,17069.624938964844,8590.065673828125,2662029.0,46.63288116455078,55.08842468261719,,nigeria,1,,,,,,,,,No screening
2035.0,0.0,0.0,0.0,0.0,0.0,0.0,0.0,17961.047241210938,9754.07177734375,2670656.0,47.4293098449707,55.374263763427734,,nigeria,1,,,,,,,,,No screening
2036.0,0.0,0.0,0.0,0.0,0.0,0.0,0.0,17614.79278564453,9245.739501953125,2739914.25,47.721248626708984,55.47460174560547,,nigeria,1,,,,,,,,,No screening
2037.0,0.0,0.0,0.0,0.0,0.0,0.0,0.0,17806.337951660156,10034.0224609375,2742308.5,47.19353485107422,55.453678131103516,,nigeria,1,,,,,,,,,No screening
2038.0,0.0,0.0,0.0,0.0,0.0,0.0,0.0,18904.039306640625,10402.378662109375,2884324.75,47.78970718383789,55.614845275878906,,nigeria,1,,,,,,,,,No screening
2039.0,0.0,0.0,0.0,0.0,0.0,0.0,0.0,18668.291442871094,10350.808837890625,2830220.5,47.121612548828125,55.521278381347656,,nigeria,1,,,,,,,,,No screening
2040.0,0.0,0.0,0.0,0.0,0.0,0.0,0.0,19913.335388183594,11205.395751953125,2920696.0,47.79587173461914,56.01803970336914,,nigeria,1,,,,,,,,,No screening
2041.0,0.0,0.0,0.0,0.0,0.0,0.0,0.0,19559.713134765625,11234.86376953125,2893813.5,47.90264892578125,56.42780685424805,,nigeria,1,,,,,,,,,No screening
2042.0,0.0,0.0,0.0,0.0,0.0,0.0,0.0,21092.07537841797,12546.21240234375,3027725.75,47.89530944824219,55.160099029541016,,nigeria,1,,,,,,,,,No screening
2043.0,0.0,0.0,0.0,0.0,0.0,0.0,0.0,21217.316650390625,12686.18798828125,3004335.0,48.07292938232422,55.40227127075195,,nigeria,1,,,,,,,,,No screening
2044.0,0.0,0.0,0.0,0.0,0.0,0.0,0.0,21828.78778076172,12988.240234375,3067081.0,48.42226791381836,56.135963439941406,,nigeria,1,,,,,,,,,No screening
2045.0,0.0,0.0,0.0,0.0,0.0,0.0,0.0,22307.650756835938,12796.694580078125,3102119.0,47.6240348815918,55.72121810913086,,nigeria,1,,,,,,,,,No screening
2046.0,0.0,0.0,0.0,0.0,0.0,0.0,0.0,22683.374450683594,12656.719482421875,3187577.5,47.30424880981445,56.824188232421875,,nigeria,1,,,,,,,,,No screening
2047.0,0.0,0.0,0.0,0.0,0.0,0.0,0.0,24068.393310546875,13039.809814453125,3215624.0,47.98406982421875,55.047672271728516,,nigeria,1,,,,,,,,,No screening
2048.0,0.0,0.0,0.0,0.0,0.0,0.0,0.0,24444.116821289062,14078.57470703125,3352343.25,47.18668746948242,55.99163055419922,,nigeria,1,,,,,,,,,No screening
2049.0,0.0,0.0,0.0,0.0,0.0,0.0,0.0,25136.626708984375,14270.119873046875,3297332.75,48.32423400878906,56.828216552734375,,nigeria,1,,,,,,,,,No screening
2050.0,0.0,0.0,0.0,0.0,0.0,0.0,0.0,24643.029174804688,14336.422607421875,3414720.5,47.06392288208008,55.204288482666016,,nigeria,1,,,,,,,,,No screening
2051.0,0.0,0.0,0.0,0.0,0.0,0.0,0.0,25829.135864257812,14734.24853515625,3390748.0,47.81493377685547,56.2988166809082,,nigeria,1,,,,,,,,,No screening
2052.0,0.0,0.0,0.0,0.0,0.0,0.0,0.0,26602.683837890625,15515.16259765625,3508474.5,48.09019470214844,56.197444915771484,,nigeria,1,,,,,,,,,No screening
2053.0,0.0,0.0,0.0,0.0,0.0,0.0,0.0,28105.577880859375,16089.797607421875,3580333.25,48.016597747802734,56.71348190307617,,nigeria,1,,,,,,,,,No screening
2054.0,0.0,0.0,0.0,0.0,0.0,0.0,0.0,28348.692504882812,16082.43017578125,3597948.5,47.728614807128906,55.96086883544922,,nigeria,1,,,,,,,,,No screening
2055.0,0.0,0.0,0.0,0.0,0.0,0.0,0.0,28768.619018554688,17032.788818359375,3631498.0,47.81400680541992,55.411563873291016,,nigeria,1,,,,,,,,,No screening
2056.0,0.0,0.0,0.0,0.0,0.0,0.0,0.0,29792.648681640625,17614.791015625,3683038.5,48.24137878417969,55.7213249206543,,nigeria,1,,,,,,,,,No screening
2057.0,0.0,0.0,0.0,0.0,0.0,0.0,0.0,30116.802612304688,17489.5498046875,3747265.0,48.684329986572266,55.65298080444336,,nigeria,1,,,,,,,,,No screening
2058.0,0.0,0.0,0.0,0.0,0.0,0.0,0.0,30227.309936523438,18535.6826171875,3834285.75,48.68292236328125,55.59063720703125,,nigeria,1,,,,,,,,,No screening
2059.0,0.0,0.0,0.0,0.0,0.0,0.0,0.0,31052.426879882812,18579.88525390625,3821967.75,48.09441375732422,55.91666793823242,,nigeria,1,,,,,,,,,No screening
2060.0,0.0,0.0,0.0,0.0,0.0,0.0,0.0,33034.18200683594,19102.951171875,3853042.25,48.576988220214844,55.80712127685547,,nigeria,1,,,,,,,,,No screening
2020.0,0.0,0.0,0.0,0.0,0.0,0.0,0.0,11993.677917480469,5886.33203125,2203071.75,45.83035659790039,55.498779296875,,nigeria,2,,,,,,,,,No screening
2021.0,0.0,0.0,0.0,0.0,0.0,0.0,0.0,11757.929870605469,6048.408935546875,2242051.5,46.83439254760742,55.58373260498047,,nigeria,2,,,,,,,,,No screening
2022.0,0.0,0.0,0.0,0.0,0.0,0.0,0.0,11934.740997314453,6696.7158203125,2210873.75,47.73979568481445,56.16666793823242,,nigeria,2,,,,,,,,,No screening
2023.0,0.0,0.0,0.0,0.0,0.0,0.0,0.0,13061.9111328125,6755.65283203125,2233844.5,47.143280029296875,53.91319274902344,,nigeria,2,,,,,,,,,No screening
2024.0,0.0,0.0,0.0,0.0,0.0,0.0,0.0,13039.809204101562,6696.7159423828125,2285215.5,45.717594146728516,55.82819747924805,,nigeria,2,,,,,,,,,No screening
2025.0,0.0,0.0,0.0,0.0,0.0,0.0,0.0,13223.987548828125,7345.0225830078125,2335164.5,47.24575424194336,55.38832092285156,,nigeria,2,,,,,,,,,No screening
2026.0,0.0,0.0,0.0,0.0,0.0,0.0,0.0,12929.302429199219,7470.2635498046875,2319686.0,46.55093765258789,55.31999969482422,,nigeria,2,,,,,,,,,No screening
2027.0,0.0,0.0,0.0,0.0,0.0,0.0,0.0,14329.055603027344,7109.274658203125,2314175.5,46.903194427490234,55.51388931274414,,nigeria,2,,,,,,,,,No screening
2028.0,0.0,0.0,0.0,0.0,0.0,0.0,0.0,14498.499572753906,7735.4796142578125,2453598.25,46.171295166015625,55.161170959472656,,nigeria,2,,,,,,,,,No screening
2029.0,0.0,0.0,0.0,0.0,0.0,0.0,0.0,14888.956604003906,7949.1259765625,2462829.5,46.088401794433594,55.61406707763672,,nigeria,2,,,,,,,,,No screening
2030.0,0.0,0.0,0.0,0.0,0.0,0.0,0.0,15522.529479980469,8118.56982421875,2432941.0,47.554630279541016,56.788150787353516,,nigeria,2,,,,,,,,,No screening
2031.0,0.0,0.0,0.0,0.0,0.0,0.0,0.0,16251.874877929688,9061.561767578125,2485343.5,47.22005081176758,56.00419616699219,,nigeria,2,,,,,,,,,No screening
2032.0,0.0,0.0,0.0,0.0,0.0,0.0,0.0,15625.66845703125,8825.813598632812,2559051.5,48.45873260498047,55.97149658203125,,nigeria,2,,,,,,,,,No screening
2033.0,0.0,0.0,0.0,0.0,0.0,0.0,0.0,16443.419982910156,9091.030029296875,2642182.0,46.82286071777344,55.860389709472656,,nigeria,2,,,,,,,,,No screening
2034.0,0.0,0.0,0.0,0.0,0.0,0.0,0.0,16789.675170898438,9194.169677734375,2650300.5,48.35807418823242,54.99565124511719,,nigeria,2,,,,,,,,,No screening
2035.0,0.0,0.0,0.0,0.0,0.0,0.0,0.0,17695.830444335938,9378.347900390625,2609744.5,47.262733459472656,57.136962890625,,nigeria,2,,,,,,,,,No screening
2036.0,0.0,0.0,0.0,0.0,0.0,0.0,0.0,18182.06121826172,9945.616943359375,2641143.25,46.4228515625,55.36153793334961,,nigeria,2,,,,,,,,,No screening
2037.0,0.0,0.0,0.0,0.0,0.0,0.0,0.0,18137.85809326172,10505.518310546875,2774488.0,46.7379150390625,55.08357620239258,,nigeria,2,,,,,,,,,No screening
2038.0,0.0,0.0,0.0,0.0,0.0,0.0,0.0,19198.723693847656,10196.099365234375,2760881.0,47.72712326049805,55.45579528808594,,nigeria,2,,,,,,,,,No screening
2039.0,0.0,0.0,0.0,0.0,0.0,0.0,0.0,19287.129760742188,11286.433837890625,2875071.5,47.937313079833984,56.57832717895508,,nigeria,2,,,,,,,,,No screening
2040.0,0.0,0.0,0.0,0.0,0.0,0.0,0.0,20576.3759765625,11477.97900390625,2861781.25,47.935890197753906,56.16749954223633,,nigeria,2,,,,,,,,,No screening
2041.0,0.0,0.0,0.0,0.0,0.0,0.0,0.0,20944.733154296875,12001.045166015625,2945066.75,47.015804290771484,55.78633117675781,,nigeria,2,,,,,,,,,No screening
2042.0,0.0,0.0,0.0,0.0,0.0,0.0,0.0,21313.08917236328,11485.34619140625,2991258.5,48.42131042480469,55.96889877319336,,nigeria,2,,,,,,,,,No screening
2043.0,0.0,0.0,0.0,0.0,0.0,0.0,0.0,21843.522399902344,12494.642578125,3005860.0,47.75768280029297,54.982913970947266,,nigeria,2,,,,,,,,,No screening
2044.0,0.0,0.0,0.0,0.0,0.0,0.0,0.0,21968.762817382812,12310.46435546875,3119085.25,46.137142181396484,55.18470764160156,,nigeria,2,,,,,,,,,No screening
2045.0,0.0,0.0,0.0,0.0,0.0,0.0,0.0,23486.39111328125,12966.138671875,3122562.75,47.03977966308594,55.595947265625,,nigeria,2,,,,,,,,,No screening
2046.0,0.0,0.0,0.0,0.0,0.0,0.0,0.0,24385.179626464844,13489.204833984375,3118805.5,47.569480895996094,54.59565353393555,,nigeria,2,,,,,,,,,No screening
2047.0,0.0,0.0,0.0,0.0,0.0,0.0,0.0,24083.127563476562,13658.648193359375,3245800.0,48.2156867980957,55.6020393371582,,nigeria,2,,,,,,,,,No screening
2048.0,0.0,0.0,0.0,0.0,0.0,0.0,0.0,24547.25634765625,14108.04296875,3225945.5,48.87269973754883,56.28981018066406,,nigeria,2,,,,,,,,,No screening
2049.0,0.0,0.0,0.0,0.0,0.0,0.0,0.0,24444.117797851562,14653.2099609375,3346309.5,47.905765533447266,55.32217788696289,,nigeria,2,,,,,,,,,No screening
2050.0,0.0,0.0,0.0,0.0,0.0,0.0,0.0,25762.83203125,15043.666748046875,3305805.0,46.80889129638672,56.325557708740234,,nigeria,2,,,,,,,,,No screening
2051.0,0.0,0.0,0.0,0.0,0.0,0.0,0.0,25725.996215820312,15109.9716796875,3438015.25,47.88424301147461,56.73428726196289,,nigeria,2,,,,,,,,,No screening
2052.0,0.0,0.0,0.0,0.0,0.0,0.0,0.0,26808.963745117188,15780.378173828125,3498072.25,47.867069244384766,55.81529998779297,,nigeria,2,,,,,,,,,No screening
2053.0,0.0,0.0,0.0,0.0,0.0,0.0,0.0,27074.179931640625,16045.59423828125,3588105.75,47.417724609375,55.91856384277344,,nigeria,2,,,,,,,,,No screening
2054.0,0.0,0.0,0.0,0.0,0.0,0.0,0.0,27309.928100585938,16362.381103515625,3522715.0,48.22138214111328,56.39821243286133,,nigeria,2,,,,,,,,,No screening
2055.0,0.0,0.0,0.0,0.0,0.0,0.0,0.0,29313.78564453125,17990.51513671875,3704314.5,47.57504653930664,56.78525161743164,,nigeria,2,,,,,,,,,No screening
2056.0,0.0,0.0,0.0,0.0,0.0,0.0,0.0,30043.13134765625,17681.09521484375,3651176.0,48.35759353637695,56.63531494140625,,nigeria,2,,,,,,,,,No screening
2057.0,0.0,0.0,0.0,0.0,0.0,0.0,0.0,29409.55810546875,17983.14794921875,3664178.75,48.03215408325195,57.09180450439453,,nigeria,2,,,,,,,,,No screening
2058.0,0.0,0.0,0.0,0.0,0.0,0.0,0.0,31133.464965820312,19471.30712890625,3719668.0,48.192447662353516,55.7578239440918,,nigeria,2,,,,,,,,,No screening
2059.0,0.0,0.0,0.0,0.0,0.0,0.0,0.0,32695.294677734375,18388.33984375,3871519.0,47.872806549072266,57.26303482055664,,nigeria,2,,,,,,,,,No screening
2060.0,0.0,0.0,0.0,0.0,0.0,0.0,0.0,32850.00476074219,20134.34912109375,3914432.5,48.196083068847656,56.683406829833984,,nigeria,2,,,,,,,,,No screening
2020.0,0.0,0.0,0.0,0.0,0.0,0.0,0.0,11345.370727539062,5657.951171875,2219648.0,47.07291793823242,55.43455505371094,,nigeria,3,,,,,,,,,No screening
2021.0,0.0,0.0,0.0,0.0,0.0,0.0,0.0,11676.891357421875,6085.24462890625,2334744.5,47.77458953857422,56.114532470703125,,nigeria,3,,,,,,,,,No screening
2022.0,0.0,0.0,0.0,0.0,0.0,0.0,0.0,11728.461120605469,6026.3076171875,2279867.0,45.761009216308594,56.31502151489258,,nigeria,3,,,,,,,,,No screening
2023.0,0.0,0.0,0.0,0.0,0.0,0.0,0.0,12030.513488769531,6269.422607421875,2219095.5,45.850929260253906,54.60078430175781,,nigeria,3,,,,,,,,,No screening
2024.0,0.0,0.0,0.0,0.0,0.0,0.0,0.0,12325.1982421875,6652.5133056640625,2254804.0,46.90375518798828,56.95502471923828,,nigeria,3,,,,,,,,,No screening
2025.0,0.0,0.0,0.0,0.0,0.0,0.0,0.0,13253.455810546875,6534.6392822265625,2313173.5,47.043819427490234,55.151981353759766,,nigeria,3,,,,,,,,,No screening
2026.0,0.0,0.0,0.0,0.0,0.0,0.0,0.0,13592.344116210938,7396.592529296875,2417661.5,46.50605773925781,55.19186019897461,,nigeria,3,,,,,,,,,No screening
2027.0,0.0,0.0,0.0,0.0,0.0,0.0,0.0,13754.420104980469,7507.0992431640625,2322139.5,47.6217041015625,54.725379943847656,,nigeria,3,,,,,,,,,No screening
2028.0,0.0,0.0,0.0,0.0,0.0,0.0,0.0,13798.623168945312,7720.74560546875,2433412.5,47.39381408691406,55.262794494628906,,nigeria,3,,,,,,,,,No screening
2029.0,0.0,0.0,0.0,0.0,0.0,0.0,0.0,14284.853576660156,7426.060791015625,2464966.0,47.063838958740234,54.07984924316406,,nigeria,3,,,,,,,,,No screening
2030.0,0.0,0.0,0.0,0.0,0.0,0.0,0.0,14432.195556640625,8273.27978515625,2539307.5,47.04220199584961,55.42096710205078,,nigeria,3,,,,,,,,,No screening
2031.0,0.0,0.0,0.0,0.0,0.0,0.0,0.0,15176.274597167969,7993.328857421875,2603681.5,47.171104431152344,55.53228759765625,,nigeria,3,,,,,,,,,No screening
2032.0,0.0,0.0,0.0,0.0,0.0,0.0,0.0,15500.428649902344,8192.24072265625,2490809.5,47.7775764465332,55.00627136230469,,nigeria,3,,,,,,,,,No screening
2033.0,0.0,0.0,0.0,0.0,0.0,0.0,0.0,16259.241149902344,8811.079711914062,2661631.25,47.756500244140625,56.25730514526367,,nigeria,3,,,,,,,,,No screening
2034.0,0.0,0.0,0.0,0.0,0.0,0.0,0.0,16664.43359375,8788.97802734375,2650337.5,47.11785888671875,56.34951400756836,,nigeria,3,,,,,,,,,No screening
2035.0,0.0,0.0,0.0,0.0,0.0,0.0,0.0,17386.411682128906,9282.5751953125,2664077.0,46.54537582397461,55.59283447265625,,nigeria,3,,,,,,,,,No screening
2036.0,0.0,0.0,0.0,0.0,0.0,0.0,0.0,17592.691162109375,9680.400390625,2685920.5,48.027503967285156,55.385887145996094,,nigeria,3,,,,,,,,,No screening
2037.0,0.0,0.0,0.0,0.0,0.0,0.0,0.0,18535.682373046875,10085.59228515625,2864485.0,48.456153869628906,56.153846740722656,,nigeria,3,,,,,,,,,No screening
2038.0,0.0,0.0,0.0,0.0,0.0,0.0,0.0,18565.151123046875,10232.934814453125,2762826.0,47.29430389404297,56.39426040649414,,nigeria,3,,,,,,,,,No screening
2039.0,0.0,0.0,0.0,0.0,0.0,0.0,0.0,18476.74609375,11146.458251953125,2871793.0,47.10585021972656,54.75069808959961,,nigeria,3,,,,,,,,,No screening
2040.0,0.0,0.0,0.0,0.0,0.0,0.0,0.0,18970.34295654297,11021.217041015625,2935533.5,47.38029479980469,55.63736343383789,,nigeria,3,,,,,,,,,No screening
2041.0,0.0,0.0,0.0,0.0,0.0,0.0,0.0,19869.13262939453,11021.217529296875,2939872.75,47.85043716430664,56.5508918762207,,nigeria,3,,,,,,,,,No screening
2042.0,0.0,0.0,0.0,0.0,0.0,0.0,0.0,20745.820678710938,11256.965576171875,3012203.0,47.70189666748047,55.55583572387695,,nigeria,3,,,,,,,,,No screening
2043.0,0.0,0.0,0.0,0.0,0.0,0.0,0.0,20377.463928222656,12185.22314453125,2973960.5,48.28025817871094,55.63507080078125,,nigeria,3,,,,,,,,,No screening
2044.0,0.0,0.0,0.0,0.0,0.0,0.0,0.0,21372.026000976562,11831.601318359375,3044655.25,47.04275131225586,56.59819030761719,,nigeria,3,,,,,,,,,No screening
2045.0,0.0,0.0,0.0,0.0,0.0,0.0,0.0,21836.15478515625,12745.125,3021802.5,47.31768035888672,56.46516799926758,,nigeria,3,,,,,,,,,No screening
2046.0,0.0,0.0,0.0,0.0,0.0,0.0,0.0,22381.32177734375,12833.5302734375,3185949.5,47.985984802246094,55.7443962097168,,nigeria,3,,,,,,,,,No screening
2047.0,0.0,0.0,0.0,0.0,0.0,0.0,0.0,23294.845825195312,13467.102783203125,3254824.5,48.62608337402344,56.85866928100586,,nigeria,3,,,,,,,,,No screening
2048.0,0.0,0.0,0.0,0.0,0.0,0.0,0.0,23817.911987304688,14152.245849609375,3407626.0,48.231109619140625,57.010162353515625,,nigeria,3,,,,,,,,,No screening
2049.0,0.0,0.0,0.0,0.0,0.0,0.0,0.0,24731.434448242188,13533.4072265625,3263635.5,48.17594909667969,55.54645919799805,,nigeria,3,,,,,,,,,No screening
2050.0,0.0,0.0,0.0,0.0,0.0,0.0,0.0,25143.993896484375,13754.42138671875,3390063.0,48.5840950012207,56.35529327392578,,nigeria,3,,,,,,,,,No screening
2051.0,0.0,0.0,0.0,0.0,0.0,0.0,0.0,25401.842529296875,15242.5791015625,3458570.0,47.84563064575195,56.32723617553711,,nigeria,3,,,,,,,,,No screening
2052.0,0.0,0.0,0.0,0.0,0.0,0.0,0.0,26904.736206054688,15301.51708984375,3538694.25,48.14754867553711,56.005767822265625,,nigeria,3,,,,,,,,,No screening
2053.0,0.0,0.0,0.0,0.0,0.0,0.0,0.0,26374.303100585938,15957.188720703125,3528108.0,47.74007797241211,56.289947509765625,,nigeria,3,,,,,,,,,No screening
2054.0,0.0,0.0,0.0,0.0,0.0,0.0,0.0,27449.903564453125,16436.051513671875,3553591.0,47.95280456542969,55.79715347290039,,nigeria,3,,,,,,,,,No screening
2055.0,0.0,0.0,0.0,0.0,0.0,0.0,0.0,28812.821655273438,16170.83544921875,3631881.25,47.41766357421875,55.837615966796875,,nigeria,3,,,,,,,,,No screening
2056.0,0.0,0.0,0.0,0.0,0.0,0.0,0.0,28812.82177734375,16325.544677734375,3723034.5,48.04042434692383,55.92287826538086,,nigeria,3,,,,,,,,,No screening
2057.0,0.0,0.0,0.0,0.0,0.0,0.0,0.0,29858.953247070312,17246.43505859375,3753888.25,49.06711959838867,56.56578826904297,,nigeria,3,,,,,,,,,No screening
2058.0,0.0,0.0,0.0,0.0,0.0,0.0,0.0,29873.687744140625,17821.0712890625,3745681.0,48.80470275878906,56.7770881652832,,nigeria,3,,,,,,,,,No screening
2059.0,0.0,0.0,0.0,0.0,0.0,0.0,0.0,30860.881103515625,18167.32568359375,3891454.5,47.7567253112793,55.9683952331543,,nigeria,3,,,,,,,,,No screening
2060.0,0.0,0.0,0.0,0.0,0.0,0.0,0.0,31310.275756835938,18837.7353515625,3962097.75,49.12683868408203,56.56389617919922,,nigeria,3,,,,,,,,,No screening
2020.0,0.0,0.0,0.0,0.0,0.0,0.0,0.0,10851.7734375,5444.3045654296875,2220856.25,46.448509216308594,53.952186584472656,,nigeria,4,,,,,,,,,No screening
2021.0,0.0,0.0,0.0,0.0,0.0,0.0,0.0,11868.436706542969,5849.4964599609375,2307943.0,46.66812515258789,54.752437591552734,,nigeria,4,,,,,,,,,No screening
2022.0,0.0,0.0,0.0,0.0,0.0,0.0,0.0,12295.7294921875,6460.9677734375,2233041.25,47.72511291503906,53.80487823486328,,nigeria,4,,,,,,,,,No screening
2023.0,0.0,0.0,0.0,0.0,0.0,0.0,0.0,12560.945922851562,6490.4364013671875,2236246.0,46.61647033691406,54.97233963012695,,nigeria,4,,,,,,,,,No screening
2024.0,0.0,0.0,0.0,0.0,0.0,0.0,0.0,12767.225891113281,6740.918701171875,2206379.75,46.8542594909668,54.98542785644531,,nigeria,4,,,,,,,,,No screening
2025.0,0.0,0.0,0.0,0.0,0.0,0.0,0.0,12818.795532226562,6556.7406005859375,2261861.5,46.11117935180664,55.313289642333984,,nigeria,4,,,,,,,,,No screening
2026.0,0.0,0.0,0.0,0.0,0.0,0.0,0.0,13599.710876464844,7212.4144287109375,2436897.0,46.76834487915039,55.10700225830078,,nigeria,4,,,,,,,,,No screening
2027.0,0.0,0.0,0.0,0.0,0.0,0.0,0.0,13607.07763671875,7308.186767578125,2392281.75,47.58259963989258,55.36627960205078,,nigeria,4,,,,,,,,,No screening
2028.0,0.0,0.0,0.0,0.0,0.0,0.0,0.0,14100.674682617188,7109.2750244140625,2483494.25,47.273834228515625,55.90491485595703,,nigeria,4,,,,,,,,,No screening
2029.0,0.0,0.0,0.0,0.0,0.0,0.0,0.0,14292.22021484375,8369.051879882812,2467949.5,47.37746047973633,56.22805404663086,,nigeria,4,,,,,,,,,No screening
2030.0,0.0,0.0,0.0,0.0,0.0,0.0,0.0,14852.121643066406,8346.950439453125,2460501.5,47.10120391845703,56.62670135498047,,nigeria,4,,,,,,,,,No screening
2031.0,0.0,0.0,0.0,0.0,0.0,0.0,0.0,14675.310119628906,8398.5205078125,2567781.5,46.954132080078125,55.181251525878906,,nigeria,4,,,,,,,,,No screening
2032.0,0.0,0.0,0.0,0.0,0.0,0.0,0.0,15662.504699707031,8376.419067382812,2635662.25,46.92451858520508,55.86684036254883,,nigeria,4,,,,,,,,,No screening
2033.0,0.0,0.0,0.0,0.0,0.0,0.0,0.0,15780.378967285156,8818.446533203125,2584762.5,46.435028076171875,56.56443405151367,,nigeria,4,,,,,,,,,No screening
2034.0,0.0,0.0,0.0,0.0,0.0,0.0,0.0,16023.493896484375,9577.260498046875,2611748.5,47.043907165527344,54.06534957885742,,nigeria,4,,,,,,,,,No screening
2035.0,0.0,0.0,0.0,0.0,0.0,0.0,0.0,17320.107482910156,9776.1728515625,2672954.5,48.2935676574707,54.5642204284668,,nigeria,4,,,,,,,,,No screening
2036.0,0.0,0.0,0.0,0.0,0.0,0.0,0.0,17408.512756347656,10019.287841796875,2666677.75,48.107749938964844,56.28890609741211,,nigeria,4,,,,,,,,,No screening
2037.0,0.0,0.0,0.0,0.0,0.0,0.0,0.0,18049.452697753906,10461.3154296875,2791454.5,47.4478645324707,55.49195861816406,,nigeria,4,,,,,,,,,No screening
2038.0,0.0,0.0,0.0,0.0,0.0,0.0,0.0,18093.655822753906,10137.162353515625,2836335.0,46.827171325683594,55.01704406738281,,nigeria,4,,,,,,,,,No screening
2039.0,0.0,0.0,0.0,0.0,0.0,0.0,0.0,19117.685791015625,10498.151123046875,2873200.25,46.67113494873047,55.52872085571289,,nigeria,4,,,,,,,,,No screening
2040.0,0.0,0.0,0.0,0.0,0.0,0.0,0.0,19161.888732910156,11161.19287109375,2908746.75,46.51769256591797,55.15102767944336,,nigeria,4,,,,,,,,,No screening
2041.0,0.0,0.0,0.0,0.0,0.0,0.0,0.0,20237.488647460938,11411.6748046875,2959756.5,47.72854232788086,55.258949279785156,,nigeria,4,,,,,,,,,No screening
2042.0,0.0,0.0,0.0,0.0,0.0,0.0,0.0,20134.349243164062,11698.992919921875,2957148.5,47.4081916809082,56.15026092529297,,nigeria,4,,,,,,,,,No screening
2043.0,0.0,0.0,0.0,0.0,0.0,0.0,0.0,22071.903259277344,11831.60107421875,3030739.0,47.39588928222656,56.37887191772461,,nigeria,4,,,,,,,,,No screening
2044.0,0.0,0.0,0.0,0.0,0.0,0.0,0.0,21519.367919921875,11757.9296875,3075589.75,47.84720230102539,56.455989837646484,,nigeria,4,,,,,,,,,No screening
2045.0,0.0,0.0,0.0,0.0,0.0,0.0,0.0,21976.13018798828,13282.925048828125,3097205.0,47.9559211730957,56.2484016418457,,nigeria,4,,,,,,,,,No screening
2046.0,0.0,0.0,0.0,0.0,0.0,0.0,0.0,23154.870239257812,12730.390380859375,3036441.0,46.81607437133789,56.350242614746094,,nigeria,4,,,,,,,,,No screening
2047.0,0.0,0.0,0.0,0.0,0.0,0.0,0.0,23604.2646484375,13039.81005859375,3258125.0,47.47605895996094,56.21934127807617,,nigeria,4,,,,,,,,,No screening
2048.0,0.0,0.0,0.0,0.0,0.0,0.0,0.0,24576.724853515625,13467.10302734375,3237504.5,48.787960052490234,55.58131790161133,,nigeria,4,,,,,,,,,No screening
2049.0,0.0,0.0,0.0,0.0,0.0,0.0,0.0,25018.752319335938,13776.5224609375,3255539.0,48.64449691772461,56.17924499511719,,nigeria,4,,,,,,,,,No screening
2050.0,0.0,0.0,0.0,0.0,0.0,0.0,0.0,25630.224243164062,14645.842529296875,3363666.5,48.051063537597656,55.739463806152344,,nigeria,4,,,,,,,,,No screening
2051.0,0.0,0.0,0.0,0.0,0.0,0.0,0.0,26735.292724609375,14866.856689453125,3413122.0,47.94572067260742,56.23267364501953,,nigeria,4,,,,,,,,,No screening
2052.0,0.0,0.0,0.0,0.0,0.0,0.0,0.0,27236.256713867188,14955.26123046875,3396413.25,47.97869110107422,56.329402923583984,,nigeria,4,,,,,,,,,No screening
2053.0,0.0,0.0,0.0,0.0,0.0,0.0,0.0,27177.319702148438,15949.822265625,3511163.5,47.40554428100586,54.589908599853516,,nigeria,4,,,,,,,,,No screening
2054.0,0.0,0.0,0.0,0.0,0.0,0.0,0.0,28201.350219726562,16509.722900390625,3531902.0,48.19583511352539,55.52613067626953,,nigeria,4,,,,,,,,,No screening
2055.0,0.0,0.0,0.0,0.0,0.0,0.0,0.0,29026.468017578125,16995.95361328125,3676562.75,48.53002166748047,56.209415435791016,,nigeria,4,,,,,,,,,No screening
2056.0,0.0,0.0,0.0,0.0,0.0,0.0,0.0,28842.290161132812,16973.851806640625,3626827.5,48.640811920166016,56.356163024902344,,nigeria,4,,,,,,,,,No screening
2057.0,0.0,0.0,0.0,0.0,0.0,0.0,0.0,31103.997314453125,18130.490234375,3756083.5,48.42793273925781,56.36286544799805,,nigeria,4,,,,,,,,,No screening
2058.0,0.0,0.0,0.0,0.0,0.0,0.0,0.0,30367.28466796875,17968.4140625,3767885.5,48.76652145385742,56.95787048339844,,nigeria,4,,,,,,,,,No screening
2059.0,0.0,0.0,0.0,0.0,0.0,0.0,0.0,30801.944580078125,18557.7841796875,3880772.0,48.574851989746094,55.65348815917969,,nigeria,4,,,,,,,,,No screening
2060.0,0.0,0.0,0.0,0.0,0.0,0.0,0.0,32673.19287109375,18314.66796875,3965774.0,48.07509231567383,56.6353645324707,,nigeria,4,,,,,,,,,No screening
2020.0,0.0,0.0,0.0,0.0,0.0,0.0,0.0,10954.9130859375,5864.230712890625,2151936.75,47.29279708862305,54.90625,,nigeria,0,,,,,,,,,"AVE_0.7, 82%/86%"
2021.0,0.0,0.0,0.0,0.0,0.0,0.0,0.0,11706.360107421875,6402.03076171875,2266922.75,47.07286834716797,55.05581283569336,,nigeria,0,,,,,,,,,"AVE_0.7, 82%/86%"
2022.0,0.0,0.0,0.0,0.0,0.0,0.0,0.0,11905.27197265625,6166.2828369140625,2186370.5,46.04302215576172,55.19213104248047,,nigeria,0,,,,,,,,,"AVE_0.7, 82%/86%"
2023.0,0.0,0.0,0.0,0.0,0.0,0.0,0.0,11934.740661621094,6416.76513671875,2168291.5,46.224735260009766,56.46122360229492,,nigeria,0,,,,,,,,,"AVE_0.7, 82%/86%"
2024.0,0.0,0.0,0.0,0.0,0.0,0.0,0.0,12479.907836914062,6379.9296875,2327517.5,47.04022979736328,53.701087951660156,,nigeria,0,,,,,,,,,"AVE_0.7, 82%/86%"
2025.0,0.0,0.0,6066376.125,0.0,512236.1015625,131871.4912109375,0.0,12988.239562988281,7057.705078125,2301968.25,47.607303619384766,55.6669921875,,nigeria,0,,,,,,,,,"AVE_0.7, 82%/86%"
2026.0,0.0,0.0,8139108.3125,0.0,625395.12890625,171241.3955078125,0.0,12700.921142578125,6932.4638671875,2272006.0,47.51456832885742,55.43777847290039,,nigeria,0,,,,,,,,,"AVE_0.7, 82%/86%"
2027.0,0.0,0.0,7680836.6875,0.0,650266.5546875,162783.935546875,0.0,12347.299438476562,6954.5654296875,2311199.25,47.327606201171875,55.00986862182617,,nigeria,0,,,,,,,,,"AVE_0.7, 82%/86%"
2028.0,0.0,0.0,7170884.84375,0.0,590592.8515625,150090.3876953125,0.0,13179.784790039062,7558.668701171875,2415127.0,47.50757598876953,55.98545455932617,,nigeria,0,,,,,,,,,"AVE_0.7, 82%/86%"
2029.0,0.0,0.0,6539065.96875,0.0,509311.359375,126080.93896484375,0.0,13084.011840820312,7529.2003173828125,2382476.0,46.81666564941406,54.850364685058594,,nigeria,0,,,,,,,,,"AVE_0.7, 82%/86%"
2030.0,0.0,0.0,6329684.71875,0.0,520708.29296875,132210.38720703125,0.0,13887.028381347656,7787.050048828125,2476171.25,47.89345169067383,55.34298324584961,,nigeria,0,,,,,,,,,"AVE_0.7, 82%/86%"
2031.0,0.0,0.0,6748196.46875,0.0,539258.73046875,133006.03564453125,0.0,14152.244689941406,8214.342529296875,2439608.25,47.134368896484375,55.09353256225586,,nigeria,0,,,,,,,,,"AVE_0.7, 82%/86%"
2032.0,0.0,0.0,7186930.40625,0.0,596788.60546875,131915.69189453125,0.0,13717.584228515625,8450.090942382812,2608580.5,47.80577850341797,55.06465530395508,,nigeria,0,,,,,,,,,"AVE_0.7, 82%/86%"
2033.0,0.0,0.0,7429242.1875,0.0,591572.66796875,149125.291015625,0.0,13953.332641601562,8545.86279296875,2577064.0,46.760616302490234,56.181270599365234,,nigeria,0,,,,,,,,,"AVE_0.7, 82%/86%"
2034.0,0.0,0.0,7693979.25,0.0,631200.44140625,170541.5234375,0.0,14166.979248046875,8833.180908203125,2658684.5,47.75694274902344,55.170265197753906,,nigeria,0,,,,,,,,,"AVE_0.7, 82%/86%"
2035.0,0.0,0.0,7940026.75,0.0,611986.99609375,158555.2236328125,0.0,15102.603454589844,9289.9423828125,2699726.5,47.708953857421875,55.27251434326172,,nigeria,0,,,,,,,,,"AVE_0.7, 82%/86%"
2036.0,0.0,0.0,8076967.0,0.0,586850.359375,150974.4560546875,0.0,15412.023315429688,9393.08203125,2748452.75,47.560707092285156,55.79888153076172,,nigeria,0,,,,,,,,,"AVE_0.7, 82%/86%"
2037.0,0.0,0.0,8296006.0625,0.0,595521.46484375,151954.27734375,0.0,15235.211791992188,9363.613525390625,2707477.0,47.6761360168457,56.463768005371094,,nigeria,0,,,,,,,,,"AVE_0.7, 82%/86%"
2038.0,0.0,0.0,8428349.25,0.0,601879.3046875,153464.5263671875,0.0,15588.833984375,9908.78125,2857891.5,47.24525451660156,55.87465286254883,,nigeria,0,,,,,,,,,"AVE_0.7, 82%/86%"
2039.0,0.0,0.0,8636956.75,0.0,620525.46875,172795.87109375,0.0,15721.441711425781,10269.77001953125,2808178.0,47.73464584350586,56.212467193603516,,nigeria,0,,,,,,,,,"AVE_0.7, 82%/86%"
2040.0,0.0,0.0,9238961.5,0.0,688332.4296875,201063.5185546875,0.0,15949.822631835938,9967.718017578125,2894741.75,47.909393310546875,55.90214538574219,,nigeria,0,,,,,,,,,"AVE_0.7, 82%/86%"
2041.0,0.0,0.0,9584266.5625,0.0,710551.66015625,193526.9501953125,0.0,16539.192321777344,10910.71044921875,3056752.0,47.457664489746094,56.22770309448242,,nigeria,0,,,,,,,,,"AVE_0.7, 82%/86%"
2042.0,0.0,0.0,9804786.875,0.0,771094.69140625,204695.51171875,0.0,17180.13201904297,10350.808837890625,3029530.75,47.813934326171875,55.912845611572266,,nigeria,0,,,,,,,,,"AVE_0.7, 82%/86%"
2043.0,0.0,0.0,10068029.0,0.0,782344.296875,205085.9658203125,0.0,17762.134704589844,10461.31591796875,3028580.25,47.18402862548828,55.410545349121094,,nigeria,0,,,,,,,,,"AVE_0.7, 82%/86%"
2044.0,0.0,0.0,10252096.5,0.0,762062.6015625,181990.0322265625,0.0,17408.51287841797,11109.622802734375,3151773.25,47.188655853271484,55.27214431762695,,nigeria,0,,,,,,,,,"AVE_0.7, 82%/86%"
2045.0,0.0,0.0,10644719.6875,0.0,783007.359375,214957.916015625,0.0,17835.80633544922,10947.5458984375,3183422.5,47.78547286987305,55.72916793823242,,nigeria,0,,,,,,,,,"AVE_0.7, 82%/86%"
2046.0,0.0,0.0,10923823.5,0.0,800349.57421875,218199.44921875,0.0,18285.201232910156,11433.7763671875,3206290.0,47.875,55.85722351074219,,nigeria,0,,,,,,,,,"AVE_0.7, 82%/86%"
2047.0,0.0,0.0,11084117.0625,0.0,836190.609375,244043.3173828125,0.0,18918.77313232422,11338.003662109375,3213428.75,47.23103332519531,55.2841911315918,,nigeria,0,,,,,,,,,"AVE_0.7, 82%/86%"
2048.0,0.0,0.0,11539737.0625,0.0,874875.3828125,222081.9248046875,0.0,19500.776123046875,11161.19287109375,3248894.0,47.237693786621094,55.38238525390625,,nigeria,0,,,,,,,,,"AVE_0.7, 82%/86%"
2049.0,0.0,0.0,11859964.125,0.0,879391.453125,267168.7236328125,0.0,19721.790954589844,11816.86669921875,3318572.25,47.47093200683594,57.2327766418457,,nigeria,0,,,,,,,,,"AVE_0.7, 82%/86%"
2050.0,0.0,0.0,12165699.75,0.0,910826.94140625,260140.4873046875,0.0,20443.769104003906,12141.0205078125,3398675.0,47.461368560791016,56.26521301269531,,nigeria,0,,,,,,,,,"AVE_0.7, 82%/86%"
2051.0,0.0,0.0,12106202.4375,0.0,831438.8203125,244382.2119140625,0.0,20436.401489257812,12487.27587890625,3502875.5,49.202091217041016,55.289424896240234,,nigeria,0,,,,,,,,,"AVE_0.7, 82%/86%"
2052.0,0.0,0.0,12672675.0,0.0,919748.453125,235998.423828125,0.0,21195.21533203125,12185.222900390625,3422463.5,48.277740478515625,55.85279846191406,,nigeria,0,,,,,,,,,"AVE_0.7, 82%/86%"
2053.0,0.0,0.0,13016226.0625,0.0,984615.9375,232815.8349609375,0.0,21806.686462402344,13223.988037109375,3495714.5,48.40603256225586,56.973880767822266,,nigeria,0,,,,,,,,,"AVE_0.7, 82%/86%"
2054.0,0.0,0.0,13272358.25,0.0,977794.0,260258.357421875,0.0,22307.651245117188,13260.823486328125,3576134.25,47.96773147583008,55.97568130493164,,nigeria,0,,,,,,,,,"AVE_0.7, 82%/86%"
2055.0,0.0,0.0,13592209.9375,0.0,1005988.0,251204.17578125,0.0,22351.853515625,13496.571533203125,3727241.5,47.604522705078125,57.02389144897461,,nigeria,0,,,,,,,,,"AVE_0.7, 82%/86%"
2056.0,0.0,0.0,13988966.0,0.0,1058861.8125,259389.046875,0.0,23346.414184570312,13584.977294921875,3675332.5,48.68128967285156,56.98296356201172,,nigeria,0,,,,,,,,,"AVE_0.7, 82%/86%"
2057.0,0.0,0.0,14064036.5,0.0,1033238.9921875,282426.0400390625,0.0,23854.746215820312,14063.840087890625,3689057.5,47.63066864013672,56.17251205444336,,nigeria,0,,,,,,,,,"AVE_0.7, 82%/86%"
2058.0,0.0,0.0,14233267.1875,0.0,1012765.75390625,273467.6044921875,0.0,23979.987365722656,14248.0185546875,3679060.25,48.906288146972656,56.68313980102539,,nigeria,0,,,,,,,,,"AVE_0.7, 82%/86%"
2059.0,0.0,0.0,14854536.3125,0.0,1070199.8359375,315953.8115234375,0.0,25026.119262695312,14645.843017578125,3867083.75,48.654930114746094,56.42591094970703,,nigeria,0,,,,,,,,,"AVE_0.7, 82%/86%"
2060.0,0.0,0.0,14976793.0,0.0,1046573.4609375,334629.46875,0.0,24952.447875976562,15441.49169921875,3884337.75,48.76616668701172,56.272010803222656,,nigeria,0,,,,,,,,,"AVE_0.7, 82%/86%"
2020.0,0.0,0.0,0.0,0.0,0.0,0.0,0.0,10498.151458740234,5657.9510498046875,2201046.0,46.535125732421875,55.90837860107422,,nigeria,1,,,,,,,,,"AVE_0.7, 82%/86%"
2021.0,0.0,0.0,0.0,0.0,0.0,0.0,0.0,12030.513061523438,6070.51025390625,2306543.25,46.167091369628906,54.12089157104492,,nigeria,1,,,,,,,,,"AVE_0.7, 82%/86%"
2022.0,0.0,0.0,0.0,0.0,0.0,0.0,0.0,11691.625732421875,6578.8419189453125,2171548.0,46.63697814941406,55.59851837158203,,nigeria,1,,,,,,,,,"AVE_0.7, 82%/86%"
2023.0,0.0,0.0,0.0,0.0,0.0,0.0,0.0,12074.716247558594,6004.2061767578125,2235457.75,47.199432373046875,55.88756561279297,,nigeria,1,,,,,,,,,"AVE_0.7, 82%/86%"
2024.0,0.0,0.0,0.0,0.0,0.0,0.0,0.0,12450.439270019531,6586.208984375,2172402.5,47.1846809387207,54.73617172241211,,nigeria,1,,,,,,,,,"AVE_0.7, 82%/86%"
2025.0,0.0,0.0,6231068.3125,0.0,543273.7578125,152985.6767578125,0.0,12686.186828613281,7079.8062744140625,2308561.75,47.18988037109375,55.041175842285156,,nigeria,1,,,,,,,,,"AVE_0.7, 82%/86%"
2026.0,0.0,0.0,8345992.0625,0.0,760404.98828125,204629.2060546875,0.0,12708.288452148438,7124.0087890625,2292103.5,47.65235137939453,53.58409118652344,,nigeria,1,,,,,,,,,"AVE_0.7, 82%/86%"
2027.0,0.0,0.0,7813304.875,0.0,693916.7421875,193593.255859375,0.0,12988.239501953125,7271.3515625,2410132.5,47.098575592041016,53.04780960083008,,nigeria,1,,,,,,,,,"AVE_0.7, 82%/86%"
2028.0,0.0,0.0,7212877.28125,0.0,551606.0234375,174659.7451171875,0.0,13047.176391601562,7050.3377685546875,2398072.25,47.96875,55.869606018066406,,nigeria,1,,,,,,,,,"AVE_0.7, 82%/86%"
2029.0,0.0,0.0,6614703.875,0.0,490186.318359375,170637.30078125,0.0,13570.242309570312,7838.6195068359375,2388009.0,47.95329666137695,55.72874069213867,,nigeria,1,,,,,,,,,"AVE_0.7, 82%/86%"
2030.0,0.0,0.0,6387155.65625,0.0,528576.3984375,149456.8232421875,0.0,13526.039611816406,8332.216430664062,2447292.25,47.09589767456055,56.00316619873047,,nigeria,1,,,,,,,,,"AVE_0.7, 82%/86%"
2031.0,0.0,0.0,6816275.65625,0.0,520376.791015625,152698.35546875,0.0,14152.244689941406,8037.53173828125,2484179.5,47.845462799072266,53.91213607788086,,nigeria,1,,,,,,,,,"AVE_0.7, 82%/86%"
2032.0,0.0,0.0,7086693.59375,0.0,604303.05859375,203030.548828125,0.0,13658.647827148438,8641.635498046875,2572938.5,47.52540588378906,56.37232208251953,,nigeria,1,,,,,,,,,"AVE_0.7, 82%/86%"
2033.0,0.0,0.0,7556678.6875,0.0,614491.796875,176818.3193359375,0.0,14874.222900390625,8737.408203125,2581108.5,48.58681869506836,55.54083251953125,,nigeria,1,,,,,,,,,"AVE_0.7, 82%/86%"
2034.0,0.0,0.0,7756209.6875,0.0,613261.484375,142494.8837890625,0.0,14609.006652832031,8685.838134765625,2683327.5,46.03041076660156,55.44889831542969,,nigeria,1,,,,,,,,,"AVE_0.7, 82%/86%"
2035.0,0.0,0.0,7841550.125,0.0,556910.3671875,169370.154296875,0.0,15272.047546386719,9415.183837890625,2676012.0,47.55684280395508,55.5904426574707,,nigeria,1,,,,,,,,,"AVE_0.7, 82%/86%"
2036.0,0.0,0.0,7952852.8125,0.0,639716.84375,161126.3466796875,0.0,15470.959899902344,9429.91796875,2649217.5,47.90370559692383,55.64553451538086,,nigeria,1,,,,,,,,,"AVE_0.7, 82%/86%"
2037.0,0.0,0.0,8196778.3125,0.0,665921.671875,170902.5107421875,0.0,15441.490905761719,9886.6796875,2783453.75,46.714412689208984,56.31149673461914,,nigeria,1,,,,,,,,,"AVE_0.7, 82%/86%"
2038.0,0.0,0.0,8743551.75,0.0,724600.8046875,172574.849609375,0.0,16185.570983886719,9805.6416015625,2791395.75,48.165252685546875,55.788780212402344,,nigeria,1,,,,,,,,,"AVE_0.7, 82%/86%"
2039.0,0.0,0.0,9079168.5625,0.0,729234.74609375,179654.6611328125,0.0,15463.592834472656,9989.8193359375,2889901.5,47.984127044677734,55.27060317993164,,nigeria,1,,,,,,,,,"AVE_0.7, 82%/86%"
2040.0,0.0,0.0,9004120.5,0.0,679816.06640625,206397.314453125,0.0,16959.11895751953,10453.94873046875,2840726.0,47.056800842285156,55.71611404418945,,nigeria,1,,,,,,,,,"AVE_0.7, 82%/86%"
2041.0,0.0,0.0,9524033.1875,0.0,698771.66015625,219879.15625,0.0,16612.863403320312,10129.794921875,2875071.5,48.70627212524414,56.262428283691406,,nigeria,1,,,,,,,,,"AVE_0.7, 82%/86%"
2042.0,0.0,0.0,9810164.5,0.0,774417.25390625,201726.5615234375,0.0,17054.890991210938,10800.203369140625,2909969.5,48.40372085571289,55.947044372558594,,nigeria,1,,,,,,,,,"AVE_0.7, 82%/86%"
2043.0,0.0,0.0,10002977.0625,0.0,773805.78125,206073.1572265625,0.0,17658.99493408203,11072.787109375,3014207.0,47.36165237426758,55.72618865966797,,nigeria,1,,,,,,,,,"AVE_0.7, 82%/86%"
2044.0,0.0,0.0,10428516.875,0.0,795501.9765625,213594.9970703125,0.0,17349.576416015625,10837.0390625,3034459.0,48.63741683959961,56.100467681884766,,nigeria,1,,,,,,,,,"AVE_0.7, 82%/86%"
2045.0,0.0,0.0,10703619.5625,0.0,872709.44921875,224284.6982421875,0.0,18307.301879882812,11345.370849609375,3092946.75,46.12175369262695,55.5831413269043,,nigeria,1,,,,,,,,,"AVE_0.7, 82%/86%"
2046.0,0.0,0.0,11260110.375,0.0,836831.5234375,249332.9296875,0.0,19220.8251953125,11190.6611328125,3077763.25,47.58208465576172,56.64069366455078,,nigeria,1,,,,,,,,,"AVE_0.7, 82%/86%"
2047.0,0.0,0.0,11343543.125,0.0,775433.91796875,221669.369140625,0.0,19102.951599121094,11301.167724609375,3269920.0,47.95663833618164,56.2672004699707,,nigeria,1,,,,,,,,,"AVE_0.7, 82%/86%"
2048.0,0.0,0.0,11521916.0625,0.0,830945.1796875,233611.4873046875,0.0,19670.220092773438,12118.9189453125,3230395.0,47.85708999633789,56.26938247680664,,nigeria,1,,,,,,,,,"AVE_0.7, 82%/86%"
2049.0,0.0,0.0,11788524.8125,0.0,854011.6484375,260192.0751953125,0.0,20473.23681640625,12008.412353515625,3318837.25,47.77000045776367,55.724849700927734,,nigeria,1,,,,,,,,,"AVE_0.7, 82%/86%"
2050.0,0.0,0.0,11960576.375,0.0,884960.9375,260486.755859375,0.0,20797.390014648438,11912.639404296875,3317106.25,47.439170837402344,55.76252746582031,,nigeria,1,,,,,,,,,"AVE_0.7, 82%/86%"
2051.0,0.0,0.0,12276176.5,0.0,928942.6640625,249546.56640625,0.0,21460.43115234375,11824.234130859375,3427318.5,47.29559326171875,57.03806686401367,,nigeria,1,,,,,,,,,"AVE_0.7, 82%/86%"
2052.0,0.0,0.0,12703343.875,0.0,903607.08984375,237383.4423828125,0.0,20686.88311767578,13084.0126953125,3527643.75,47.73684310913086,56.68207550048828,,nigeria,1,,,,,,,,,"AVE_0.7, 82%/86%"
2053.0,0.0,0.0,13108071.25,0.0,976254.31640625,289771.060546875,0.0,22543.398193359375,13120.848388671875,3444196.5,48.4932746887207,56.063297271728516,,nigeria,1,,,,,,,,,"AVE_0.7, 82%/86%"
2054.0,0.0,0.0,13506360.0625,0.0,997766.25,275058.91796875,0.0,21718.28094482422,13828.092529296875,3600409.0,49.78734588623047,56.42474365234375,,nigeria,1,,,,,,,,,"AVE_0.7, 82%/86%"
2055.0,0.0,0.0,13687075.625,0.0,1026129.65625,273136.09375,0.0,22683.374755859375,13629.179931640625,3670625.0,48.19093322753906,56.285396575927734,,nigeria,1,,,,,,,,,"AVE_0.7, 82%/86%"
2056.0,0.0,0.0,13693286.0625,0.0,995305.6328125,260950.8740234375,0.0,23523.226440429688,14572.171630859375,3688040.75,47.36051559448242,56.93662643432617,,nigeria,1,,,,,,,,,"AVE_0.7, 82%/86%"
2057.0,0.0,0.0,14091995.0,0.0,1022652.421875,260575.1572265625,0.0,24429.381958007812,14255.38525390625,3687275.0,48.909507751464844,55.040706634521484,,nigeria,1,,,,,,,,,"AVE_0.7, 82%/86%"
2058.0,0.0,0.0,14338845.375,0.0,1078266.8671875,293049.431640625,0.0,24775.637451171875,15353.08544921875,3756385.5,47.71721267700195,56.31682205200195,,nigeria,1,,,,,,,,,"AVE_0.7, 82%/86%"
2059.0,0.0,0.0,14821605.125,0.0,1054699.4296875,307098.5380859375,0.0,25519.716430664062,14594.273193359375,3833828.5,48.3310661315918,56.79508972167969,,nigeria,1,,,,,,,,,"AVE_0.7, 82%/86%"
2060.0,0.0,0.0,15296961.375,0.0,1102224.671875,293911.3955078125,0.0,25711.261840820312,15684.606201171875,3902063.0,48.679141998291016,55.54400634765625,,nigeria,1,,,,,,,,,"AVE_0.7, 82%/86%"
2020.0,0.0,0.0,0.0,0.0,0.0,0.0,0.0,11993.677917480469,5886.33203125,2203071.75,45.83035659790039,55.498779296875,,nigeria,2,,,,,,,,,"AVE_0.7, 82%/86%"
2021.0,0.0,0.0,0.0,0.0,0.0,0.0,0.0,11757.929870605469,6048.408935546875,2242051.5,46.83439254760742,55.58373260498047,,nigeria,2,,,,,,,,,"AVE_0.7, 82%/86%"
2022.0,0.0,0.0,0.0,0.0,0.0,0.0,0.0,11934.740997314453,6696.7158203125,2210873.75,47.73979568481445,56.16666793823242,,nigeria,2,,,,,,,,,"AVE_0.7, 82%/86%"
2023.0,0.0,0.0,0.0,0.0,0.0,0.0,0.0,13061.9111328125,6755.65283203125,2233844.5,47.143280029296875,53.91319274902344,,nigeria,2,,,,,,,,,"AVE_0.7, 82%/86%"
2024.0,0.0,0.0,0.0,0.0,0.0,0.0,0.0,13039.809204101562,6696.7159423828125,2285215.5,45.717594146728516,55.82819747924805,,nigeria,2,,,,,,,,,"AVE_0.7, 82%/86%"
2025.0,0.0,0.0,6481425.5,0.0,583328.8203125,127495.4267578125,0.0,13113.480590820312,7345.0225830078125,2335164.5,47.39170837402344,55.38832092285156,,nigeria,2,,,,,,,,,"AVE_0.7, 82%/86%"
2026.0,0.0,0.0,8338389.125,0.0,740557.97265625,181835.328125,0.0,12619.883422851562,7477.6307373046875,2324939.0,46.84661865234375,55.65392303466797,,nigeria,2,,,,,,,,,"AVE_0.7, 82%/86%"
2027.0,0.0,0.0,7641334.0625,0.0,685061.484375,167292.6318359375,0.0,13769.154846191406,7116.6417236328125,2393549.0,47.305789947509766,54.9287223815918,,nigeria,2,,,,,,,,,"AVE_0.7, 82%/86%"
2028.0,0.0,0.0,7088122.4375,0.0,605820.703125,172817.970703125,0.0,13349.228332519531,7757.5806884765625,2404872.0,46.530086517333984,55.207733154296875,,nigeria,2,,,,,,,,,"AVE_0.7, 82%/86%"
2029.0,0.0,0.0,6632797.625,0.0,557551.302734375,154856.923828125,0.0,13754.420166015625,8000.69580078125,2377400.25,46.725154876708984,55.59962463378906,,nigeria,2,,,,,,,,,"AVE_0.7, 82%/86%"
2030.0,0.0,0.0,6491879.3125,0.0,522933.173828125,143710.46240234375,0.0,14027.003967285156,8155.405517578125,2410884.0,47.512603759765625,56.64206314086914,,nigeria,2,,,,,,,,,"AVE_0.7, 82%/86%"
2031.0,0.0,0.0,7004593.84375,0.0,530889.669921875,155615.7373046875,0.0,14969.995422363281,9046.827392578125,2574102.5,47.11095428466797,55.91609573364258,,nigeria,2,,,,,,,,,"AVE_0.7, 82%/86%"
2032.0,0.0,0.0,7434155.9375,0.0,616178.876953125,162467.1630859375,0.0,13872.294250488281,8892.11767578125,2524374.5,48.037017822265625,54.78382873535156,,nigeria,2,,,,,,,,,"AVE_0.7, 82%/86%"
2033.0,0.0,0.0,7675930.25,0.0,645536.87109375,144454.546875,0.0,14284.852844238281,8928.95361328125,2578707.0,48.21860885620117,55.87746810913086,,nigeria,2,,,,,,,,,"AVE_0.7, 82%/86%"
2034.0,0.0,0.0,7709001.5,0.0,624326.92578125,159770.7939453125,0.0,15227.844787597656,9348.879638671875,2632192.0,48.86800003051758,54.623199462890625,,nigeria,2,,,,,,,,,"AVE_0.7, 82%/86%"
2035.0,0.0,0.0,7873435.25,0.0,609732.66015625,158127.923828125,0.0,15338.351867675781,9334.145263671875,2691394.5,46.59069061279297,57.15514373779297,,nigeria,2,,,,,,,,,"AVE_0.7, 82%/86%"
2036.0,0.0,0.0,8156517.0625,0.0,628496.7109375,154547.501953125,0.0,15588.833801269531,9628.83056640625,2807802.25,47.828311920166016,55.19436264038086,,nigeria,2,,,,,,,,,"AVE_0.7, 82%/86%"
2037.0,0.0,0.0,8417629.9375,0.0,645116.91796875,185540.994140625,0.0,14947.894226074219,9916.1484375,2759444.5,47.51181411743164,55.52008819580078,,nigeria,2,,,,,,,,,"AVE_0.7, 82%/86%"
2038.0,0.0,0.0,8590411.0,0.0,667645.5625,188318.39111328125,0.0,15861.417724609375,10092.95947265625,2813696.0,48.04608917236328,55.60566329956055,,nigeria,2,,,,,,,,,"AVE_0.7, 82%/86%"
2039.0,0.0,0.0,9006948.5625,0.0,635340.765625,192650.26513671875,0.0,16251.874084472656,10733.899169921875,2820864.25,47.31545639038086,56.7756233215332,,nigeria,2,,,,,,,,,"AVE_0.7, 82%/86%"
2040.0,0.0,0.0,9316176.625,0.0,700245.11328125,200518.353515625,0.0,17076.992431640625,10697.063720703125,2878018.5,48.364864349365234,55.89936828613281,,nigeria,2,,,,,,,,,"AVE_0.7, 82%/86%"
2041.0,0.0,0.0,9533632.625,0.0,744970.88671875,193836.3671875,0.0,16870.713134765625,10969.647216796875,2836777.25,48.36161422729492,55.94248962402344,,nigeria,2,,,,,,,,,"AVE_0.7, 82%/86%"
2042.0,0.0,0.0,9683826.0625,0.0,720099.48828125,207738.1435546875,0.0,18145.225341796875,10232.9345703125,2966070.0,47.43649673461914,55.22317123413086,,nigeria,2,,,,,,,,,"AVE_0.7, 82%/86%"
2043.0,0.0,0.0,9918299.25,0.0,749774.24609375,189784.455078125,0.0,17614.79248046875,11301.16796875,3047351.75,48.7734489440918,54.85736846923828,,nigeria,2,,,,,,,,,"AVE_0.7, 82%/86%"
2044.0,0.0,0.0,10167396.5,0.0,736299.76171875,208496.9453125,0.0,17563.222717285156,10638.12646484375,3146911.0,46.7164306640625,55.40258026123047,,nigeria,2,,,,,,,,,"AVE_0.7, 82%/86%"
2045.0,0.0,0.0,10470723.0,0.0,815172.203125,211222.7822265625,0.0,19161.88848876953,11426.4091796875,3134092.0,47.539302825927734,56.293087005615234,,nigeria,2,,,,,,,,,"AVE_0.7, 82%/86%"
2046.0,0.0,0.0,10875362.4375,0.0,867729.26171875,206132.09765625,0.0,18712.494262695312,11448.510498046875,3201398.25,47.798362731933594,55.79514694213867,,nigeria,2,,,,,,,,,"AVE_0.7, 82%/86%"
2047.0,0.0,0.0,11268906.875,0.0,841723.3125,199523.7998046875,0.0,19640.751708984375,12192.59033203125,3243324.75,47.60162353515625,56.305381774902344,,nigeria,2,,,,,,,,,"AVE_0.7, 82%/86%"
2048.0,0.0,0.0,11593333.0,0.0,836396.875,242208.919921875,0.0,20561.64208984375,11536.916259765625,3283895.0,47.19211959838867,57.00724792480469,,nigeria,2,,,,,,,,,"AVE_0.7, 82%/86%"
2049.0,0.0,0.0,12044038.6875,0.0,868701.7265625,256537.96875,0.0,20340.62841796875,12590.415283203125,3317879.5,47.049442291259766,55.945865631103516,,nigeria,2,,,,,,,,,"AVE_0.7, 82%/86%"
2050.0,0.0,0.0,12248726.5,0.0,945813.359375,297278.1669921875,0.0,20524.806213378906,12479.90869140625,3376676.75,47.56232833862305,56.00301742553711,,nigeria,2,,,,,,,,,"AVE_0.7, 82%/86%"
2051.0,0.0,0.0,12374114.875,0.0,912197.18359375,257672.5068359375,0.0,21497.266967773438,12266.261474609375,3437860.75,48.097164154052734,56.14677047729492,,nigeria,2,,,,,,,,,"AVE_0.7, 82%/86%"
2052.0,0.0,0.0,12849441.5,0.0,981367.01953125,276068.2119140625,0.0,22079.269653320312,12516.744140625,3415089.0,48.423851013183594,55.62104415893555,,nigeria,2,,,,,,,,,"AVE_0.7, 82%/86%"
2053.0,0.0,0.0,13014707.625,0.0,1011903.7578125,267183.466796875,0.0,22182.410034179688,12804.061767578125,3509793.5,48.132080078125,57.002403259277344,,nigeria,2,,,,,,,,,"AVE_0.7, 82%/86%"
2054.0,0.0,0.0,13074359.5625,0.0,953084.6640625,245951.419921875,0.0,22786.513549804688,13430.267578125,3559130.75,48.610130310058594,56.257537841796875,,nigeria,2,,,,,,,,,"AVE_0.7, 82%/86%"
2055.0,0.0,0.0,13700661.1875,0.0,990605.4296875,254784.5859375,0.0,23110.66748046875,14292.220703125,3598699.5,47.54640579223633,56.12928009033203,,nigeria,2,,,,,,,,,"AVE_0.7, 82%/86%"
2056.0,0.0,0.0,13922801.75,0.0,1017274.4140625,265385.8837890625,0.0,23449.554809570312,14130.144287109375,3716146.5,47.75732421875,56.71422576904297,,nigeria,2,,,,,,,,,"AVE_0.7, 82%/86%"
2057.0,0.0,0.0,14109580.4375,0.0,1029371.2109375,301727.912109375,0.0,24458.850463867188,14240.651123046875,3722084.5,47.94331741333008,57.31114959716797,,nigeria,2,,,,,,,,,"AVE_0.7, 82%/86%"
2058.0,0.0,0.0,14430219.4375,0.0,1047811.1484375,256353.796875,0.0,24606.193115234375,15051.0341796875,3786170.75,47.60643005371094,57.15470504760742,,nigeria,2,,,,,,,,,"AVE_0.7, 82%/86%"
2059.0,0.0,0.0,14833628.125,0.0,1131707.921875,269695.66015625,0.0,25652.32470703125,15242.57958984375,3873869.25,48.2528190612793,56.44218826293945,,nigeria,2,,,,,,,,,"AVE_0.7, 82%/86%"
2060.0,0.0,0.0,14987430.875,0.0,1058375.6015625,277482.693359375,0.0,25622.856201171875,15721.44140625,3952063.5,48.066497802734375,56.48113250732422,,nigeria,2,,,,,,,,,"AVE_0.7, 82%/86%"
2020.0,0.0,0.0,0.0,0.0,0.0,0.0,0.0,11345.370727539062,5657.951171875,2219648.0,47.07291793823242,55.43455505371094,,nigeria,3,,,,,,,,,"AVE_0.7, 82%/86%"
2021.0,0.0,0.0,0.0,0.0,0.0,0.0,0.0,11676.891357421875,6085.24462890625,2334744.5,47.77458953857422,56.114532470703125,,nigeria,3,,,,,,,,,"AVE_0.7, 82%/86%"
2022.0,0.0,0.0,0.0,0.0,0.0,0.0,0.0,11728.461120605469,6026.3076171875,2279867.0,45.761009216308594,56.31502151489258,,nigeria,3,,,,,,,,,"AVE_0.7, 82%/86%"
2023.0,0.0,0.0,0.0,0.0,0.0,0.0,0.0,12030.513488769531,6269.422607421875,2219095.5,45.850929260253906,54.60078430175781,,nigeria,3,,,,,,,,,"AVE_0.7, 82%/86%"
2024.0,0.0,0.0,0.0,0.0,0.0,0.0,0.0,12325.1982421875,6652.5133056640625,2254804.0,46.90375518798828,56.95502471923828,,nigeria,3,,,,,,,,,"AVE_0.7, 82%/86%"
2025.0,0.0,0.0,6101127.375,0.0,478745.13671875,128261.60546875,0.0,13106.113464355469,6534.6392822265625,2313173.5,47.14073181152344,55.151981353759766,,nigeria,3,,,,,,,,,"AVE_0.7, 82%/86%"
2026.0,0.0,0.0,8386165.25,0.0,644873.76953125,199103.8701171875,0.0,13054.543884277344,7322.92138671875,2341780.0,46.80116271972656,55.267578125,,nigeria,3,,,,,,,,,"AVE_0.7, 82%/86%"
2027.0,0.0,0.0,7675384.9375,0.0,581597.58984375,148919.025390625,0.0,13150.316223144531,7529.200439453125,2430450.75,47.69532775878906,54.7055549621582,,nigeria,3,,,,,,,,,"AVE_0.7, 82%/86%"
2028.0,0.0,0.0,7232473.875,0.0,584787.54296875,143275.8037109375,0.0,12988.239807128906,7617.6058349609375,2368773.5,48.09836959838867,54.696998596191406,,nigeria,3,,,,,,,,,"AVE_0.7, 82%/86%"
2029.0,0.0,0.0,6786593.625,0.0,599669.140625,154797.98046875,0.0,13216.620422363281,7661.808837890625,2397652.5,47.41386413574219,54.554832458496094,,nigeria,3,,,,,,,,,"AVE_0.7, 82%/86%"
2030.0,0.0,0.0,6520102.65625,0.0,541166.80859375,139665.908203125,0.0,13135.581665039062,8391.153442382812,2556170.75,47.54618835449219,55.285118103027344,,nigeria,3,,,,,,,,,"AVE_0.7, 82%/86%"
2031.0,0.0,0.0,6776110.5625,0.0,520826.1875,143894.642578125,0.0,13400.798400878906,8192.241088867188,2551691.5,47.606689453125,55.720001220703125,,nigeria,3,,,,,,,,,"AVE_0.7, 82%/86%"
2032.0,0.0,0.0,7247046.3125,0.0,549226.4609375,128106.89599609375,0.0,13931.231079101562,8000.69580078125,2595828.25,47.94427490234375,54.498069763183594,,nigeria,3,,,,,,,,,"AVE_0.7, 82%/86%"
2033.0,0.0,0.0,7446267.75,0.0,609821.04296875,168036.70458984375,0.0,14343.790466308594,8715.306884765625,2522960.0,47.83967971801758,56.03800582885742,,nigeria,3,,,,,,,,,"AVE_0.7, 82%/86%"
2034.0,0.0,0.0,7649755.125,0.0,599971.203125,185953.54296875,0.0,14631.107849121094,8840.5478515625,2581852.5,47.669837951660156,56.44267654418945,,nigeria,3,,,,,,,,,"AVE_0.7, 82%/86%"
2035.0,0.0,0.0,7937293.625,0.0,558884.75,150466.11083984375,0.0,15080.502136230469,9282.575439453125,2648996.5,46.50385284423828,54.97538375854492,,nigeria,3,,,,,,,,,"AVE_0.7, 82%/86%"
2036.0,0.0,0.0,8142040.375,0.0,591837.8828125,162725.00732421875,0.0,14461.664611816406,9459.386474609375,2683909.5,48.25912857055664,55.1276741027832,,nigeria,3,,,,,,,,,"AVE_0.7, 82%/86%"
2037.0,0.0,0.0,8642761.3125,0.0,652336.703125,174799.7236328125,0.0,15912.987182617188,9901.4140625,2719352.75,48.052284240722656,55.410911560058594,,nigeria,3,,,,,,,,,"AVE_0.7, 82%/86%"
2038.0,0.0,0.0,8828626.5,0.0,683330.20703125,193386.9814453125,0.0,16141.368530273438,9739.337158203125,2757838.5,47.98920822143555,56.226226806640625,,nigeria,3,,,,,,,,,"AVE_0.7, 82%/86%"
2039.0,0.0,0.0,9000958.75,0.0,665162.89453125,195575.0078125,0.0,15515.162658691406,10203.46630859375,2831738.0,47.27682113647461,55.1070442199707,,nigeria,3,,,,,,,,,"AVE_0.7, 82%/86%"
2040.0,0.0,0.0,9221398.375,0.0,675653.65625,187147.0146484375,0.0,15957.18994140625,9879.31298828125,2876714.5,48.15968322753906,56.29279708862305,,nigeria,3,,,,,,,,,"AVE_0.7, 82%/86%"
2041.0,0.0,0.0,9425254.625,0.0,753185.2421875,185983.0146484375,0.0,16067.696655273438,9886.679931640625,2947357.75,47.064334869384766,56.172603607177734,,nigeria,3,,,,,,,,,"AVE_0.7, 82%/86%"
2042.0,0.0,0.0,9855502.25,0.0,699677.828125,203192.62109375,0.0,16509.724243164062,9982.452392578125,3033553.0,48.7037353515625,54.439453125,,nigeria,3,,,,,,,,,"AVE_0.7, 82%/86%"
2043.0,0.0,0.0,10036851.375,0.0,697475.0546875,218663.5849609375,0.0,17349.57537841797,10652.86083984375,3022244.5,47.23748016357422,56.764705657958984,,nigeria,3,,,,,,,,,"AVE_0.7, 82%/86%"
2044.0,0.0,0.0,10416397.9375,0.0,725455.37890625,202853.7353515625,0.0,17371.67742919922,10534.987060546875,3047233.75,46.82204055786133,55.947303771972656,,nigeria,3,,,,,,,,,"AVE_0.7, 82%/86%"
2045.0,0.0,0.0,10541698.0625,0.0,736307.140625,189379.265625,0.0,17784.23663330078,10822.3046875,3165888.5,47.350677490234375,56.10770034790039,,nigeria,3,,,,,,,,,"AVE_0.7, 82%/86%"
2046.0,0.0,0.0,10824558.6875,0.0,766144.01171875,220335.9208984375,0.0,19007.17919921875,11404.30810546875,3223521.75,47.1661491394043,56.28871154785156,,nigeria,3,,,,,,,,,"AVE_0.7, 82%/86%"
2047.0,0.0,0.0,11206883.0,0.0,761200.65625,249509.7421875,0.0,19036.64776611328,11861.06982421875,3245100.0,47.58132553100586,55.545928955078125,,nigeria,3,,,,,,,,,"AVE_0.7, 82%/86%"
2048.0,0.0,0.0,11484049.125,0.0,855882.89453125,267979.111328125,0.0,18985.07763671875,12244.16015625,3236090.0,47.38744354248047,57.186363220214844,,nigeria,3,,,,,,,,,"AVE_0.7, 82%/86%"
2049.0,0.0,0.0,11834576.6875,0.0,828801.390625,263669.34375,0.0,19876.49951171875,11507.44775390625,3243552.75,47.27631759643555,56.0228271484375,,nigeria,3,,,,,,,,,"AVE_0.7, 82%/86%"
2050.0,0.0,0.0,12229697.8125,0.0,938409.37109375,265658.4677734375,0.0,20171.18475341797,11595.853271484375,3345978.0,47.7201042175293,56.86235809326172,,nigeria,3,,,,,,,,,"AVE_0.7, 82%/86%"
2051.0,0.0,0.0,12414059.9375,0.0,965063.6015625,290647.7568359375,0.0,20333.26141357422,12678.820556640625,3482432.0,47.403480529785156,57.352882385253906,,nigeria,3,,,,,,,,,"AVE_0.7, 82%/86%"
2052.0,0.0,0.0,12698651.3125,0.0,901426.40625,286301.154296875,0.0,21180.480895996094,12325.19873046875,3452536.0,48.022727966308594,55.60950469970703,,nigeria,3,,,,,,,,,"AVE_0.7, 82%/86%"
2053.0,0.0,0.0,13269190.25,0.0,916573.2265625,282249.2421875,0.0,20966.834533691406,12818.796142578125,3511531.75,48.939151763916016,56.246280670166016,,nigeria,3,,,,,,,,,"AVE_0.7, 82%/86%"
2054.0,0.0,0.0,13376676.375,0.0,959354.09375,284105.7509765625,0.0,22366.587280273438,12686.187744140625,3602854.75,49.01755142211914,56.93415451049805,,nigeria,3,,,,,,,,,"AVE_0.7, 82%/86%"
2055.0,0.0,0.0,13424938.8125,0.0,971252.0,293498.8388671875,0.0,22499.19580078125,13747.053955078125,3677137.5,48.4697380065918,55.99348831176758,,nigeria,3,,,,,,,,,"AVE_0.7, 82%/86%"
2056.0,0.0,0.0,13940217.625,0.0,1043361.3984375,306796.49609375,0.0,23250.642333984375,13209.25390625,3600976.0,47.9151496887207,56.012664794921875,,nigeria,3,,,,,,,,,"AVE_0.7, 82%/86%"
2057.0,0.0,0.0,14369227.0625,0.0,1033504.1953125,281527.255859375,0.0,23501.124267578125,14505.86767578125,3733967.5,49.196651458740234,56.408790588378906,,nigeria,3,,,,,,,,,"AVE_0.7, 82%/86%"
2058.0,0.0,0.0,14641699.4375,0.0,994834.1875,318591.267578125,0.0,24561.990173339844,14358.525390625,3749784.75,48.41705322265625,56.53812026977539,,nigeria,3,,,,,,,,,"AVE_0.7, 82%/86%"
2059.0,0.0,0.0,14809706.875,0.0,1039486.26953125,328448.4765625,0.0,24584.092041015625,14616.37451171875,3876580.25,48.40067672729492,55.433982849121094,,nigeria,3,,,,,,,,,"AVE_0.7, 82%/86%"
2060.0,0.0,0.0,14795289.25,0.0,1036384.703125,293307.294921875,0.0,25217.664428710938,14719.513427734375,3878915.5,48.347740173339844,56.33880615234375,,nigeria,3,,,,,,,,,"AVE_0.7, 82%/86%"
2020.0,0.0,0.0,0.0,0.0,0.0,0.0,0.0,10851.7734375,5444.3045654296875,2220856.25,46.448509216308594,53.952186584472656,,nigeria,4,,,,,,,,,"AVE_0.7, 82%/86%"
2021.0,0.0,0.0,0.0,0.0,0.0,0.0,0.0,11868.436706542969,5849.4964599609375,2307943.0,46.66812515258789,54.752437591552734,,nigeria,4,,,,,,,,,"AVE_0.7, 82%/86%"
2022.0,0.0,0.0,0.0,0.0,0.0,0.0,0.0,12295.7294921875,6460.9677734375,2233041.25,47.72511291503906,53.80487823486328,,nigeria,4,,,,,,,,,"AVE_0.7, 82%/86%"
2023.0,0.0,0.0,0.0,0.0,0.0,0.0,0.0,12560.945922851562,6490.4364013671875,2236246.0,46.61647033691406,54.97233963012695,,nigeria,4,,,,,,,,,"AVE_0.7, 82%/86%"
2024.0,0.0,0.0,0.0,0.0,0.0,0.0,0.0,12767.225891113281,6740.918701171875,2206379.75,46.8542594909668,54.98542785644531,,nigeria,4,,,,,,,,,"AVE_0.7, 82%/86%"
2025.0,0.0,0.0,6086775.9375,0.0,481456.2578125,169885.8623046875,0.0,12730.39013671875,6556.7406005859375,2261861.5,46.1380615234375,55.313289642333984,,nigeria,4,,,,,,,,,"AVE_0.7, 82%/86%"
2026.0,0.0,0.0,8488089.375,0.0,711494.6640625,205535.3720703125,0.0,13150.316284179688,7315.5538330078125,2281377.0,46.97144317626953,54.969112396240234,,nigeria,4,,,,,,,,,"AVE_0.7, 82%/86%"
2027.0,0.0,0.0,7749063.9375,0.0,711288.4296875,177031.9658203125,0.0,12826.162628173828,7345.0224609375,2399450.0,47.77235412597656,55.687744140625,,nigeria,4,,,,,,,,,"AVE_0.7, 82%/86%"
2028.0,0.0,0.0,6970314.9375,0.0,618610.02734375,159328.767578125,0.0,13209.252868652344,7101.90771484375,2364655.0,47.63425827026367,56.04411697387695,,nigeria,4,,,,,,,,,"AVE_0.7, 82%/86%"
2029.0,0.0,0.0,6578988.375,0.0,604781.921875,141927.6181640625,0.0,13135.582153320312,8383.7861328125,2476657.5,47.95998001098633,56.196022033691406,,nigeria,4,,,,,,,,,"AVE_0.7, 82%/86%"
2030.0,0.0,0.0,6604073.25,0.0,546581.63671875,125115.84326171875,0.0,13872.29443359375,8214.34228515625,2494463.75,47.455257415771484,56.00609588623047,,nigeria,4,,,,,,,,,"AVE_0.7, 82%/86%"
2031.0,0.0,0.0,6757677.84375,0.0,491239.8046875,120238.8125,0.0,13179.784851074219,8604.799926757812,2524558.5,46.995452880859375,55.77256774902344,,nigeria,4,,,,,,,,,"AVE_0.7, 82%/86%"
2032.0,0.0,0.0,7166133.09375,0.0,567482.169921875,124614.88232421875,0.0,13680.748962402344,8383.786376953125,2488732.25,47.38779830932617,55.72327423095703,,nigeria,4,,,,,,,,,"AVE_0.7, 82%/86%"
2033.0,0.0,0.0,7372574.0,0.0,583321.484375,165178.2607421875,0.0,13636.546081542969,8899.48486328125,2628980.0,47.63626480102539,56.978477478027344,,nigeria,4,,,,,,,,,"AVE_0.7, 82%/86%"
2034.0,0.0,0.0,7715911.4375,0.0,609651.609375,157899.54296875,0.0,14174.346252441406,9540.4248046875,2709142.0,46.78339767456055,53.52424240112305,,nigeria,4,,,,,,,,,"AVE_0.7, 82%/86%"
2035.0,0.0,0.0,7852372.5625,0.0,588655.3125,173937.767578125,0.0,15426.756896972656,9783.539794921875,2660040.0,48.25835037231445,55.21417999267578,,nigeria,4,,,,,,,,,"AVE_0.7, 82%/86%"
2036.0,0.0,0.0,8205478.875,0.0,625527.75,182019.4970703125,0.0,15301.515869140625,9643.564453125,2761198.0,48.62767028808594,56.415679931640625,,nigeria,4,,,,,,,,,"AVE_0.7, 82%/86%"
2037.0,0.0,0.0,8518080.5,0.0,685930.8046875,175993.1923828125,0.0,15677.238952636719,9695.134521484375,2726263.0,47.75899124145508,54.7137336730957,,nigeria,4,,,,,,,,,"AVE_0.7, 82%/86%"
2038.0,0.0,0.0,8637044.375,0.0,699817.8359375,185179.998046875,0.0,15441.491455078125,9717.236083984375,2702511.5,47.79606628417969,55.14031219482422,,nigeria,4,,,,,,,,,"AVE_0.7, 82%/86%"
2039.0,0.0,0.0,8969663.0,0.0,616407.24609375,185909.3525390625,0.0,15404.65576171875,9695.134765625,2901821.5,47.16147994995117,55.86428451538086,,nigeria,4,,,,,,,,,"AVE_0.7, 82%/86%"
2040.0,0.0,0.0,9291438.0625,0.0,666105.83984375,198904.9521484375,0.0,15795.112854003906,10409.74609375,2865546.0,47.57168960571289,55.71428680419922,,nigeria,4,,,,,,,,,"AVE_0.7, 82%/86%"
2041.0,0.0,0.0,9353403.1875,0.0,685695.05078125,141308.7841796875,0.0,16885.44708251953,10026.655029296875,3013772.5,47.220176696777344,55.4610710144043,,nigeria,4,,,,,,,,,"AVE_0.7, 82%/86%"
2042.0,0.0,0.0,9651867.625,0.0,775507.62890625,158599.4189453125,0.0,16723.370239257812,10284.504638671875,2946731.5,48.02304458618164,56.69041442871094,,nigeria,4,,,,,,,,,"AVE_0.7, 82%/86%"
2043.0,0.0,0.0,9966959.625,0.0,783228.34765625,192591.3212890625,0.0,18506.214477539062,10623.392578125,3056089.0,47.04492950439453,55.56806182861328,,nigeria,4,,,,,,,,,"AVE_0.7, 82%/86%"
2044.0,0.0,0.0,10298649.4375,0.0,804998.1875,175750.076171875,0.0,18344.137329101562,10704.4306640625,3129031.0,47.9739990234375,56.18855285644531,,nigeria,4,,,,,,,,,"AVE_0.7, 82%/86%"
2045.0,0.0,0.0,10619104.3125,0.0,793689.69140625,208695.8603515625,0.0,18601.987243652344,11286.433837890625,3194502.5,46.38019943237305,56.46894454956055,,nigeria,4,,,,,,,,,"AVE_0.7, 82%/86%"
2046.0,0.0,0.0,10730620.5,0.0,801837.71484375,202846.3642578125,0.0,18830.36846923828,10800.20361328125,3139772.25,47.513511657714844,55.34642791748047,,nigeria,4,,,,,,,,,"AVE_0.7, 82%/86%"
2047.0,0.0,0.0,11215598.375,0.0,843358.82421875,184620.0966796875,0.0,19758.625854492188,11500.08056640625,3348571.25,48.46428680419922,55.70199203491211,,nigeria,4,,,,,,,,,"AVE_0.7, 82%/86%"
2048.0,0.0,0.0,11465970.25,0.0,847992.73046875,195228.7578125,0.0,19751.258422851562,11419.0419921875,3250559.0,48.39723587036133,55.6085319519043,,nigeria,4,,,,,,,,,"AVE_0.7, 82%/86%"
2049.0,0.0,0.0,11738679.0,0.0,857746.80078125,236145.76953125,0.0,20178.552307128906,11507.447509765625,3346236.0,48.41251754760742,56.51057052612305,,nigeria,4,,,,,,,,,"AVE_0.7, 82%/86%"
2050.0,0.0,0.0,12191579.6875,0.0,885145.109375,249649.70703125,0.0,20804.757934570312,12251.52734375,3406130.5,48.43562698364258,56.25,,nigeria,4,,,,,,,,,"AVE_0.7, 82%/86%"
2051.0,0.0,0.0,12450732.5,0.0,951014.5546875,250577.97265625,0.0,21187.84832763672,12310.46435546875,3368919.0,47.63346862792969,56.02722930908203,,nigeria,4,,,,,,,,,"AVE_0.7, 82%/86%"
2052.0,0.0,0.0,12786194.5,0.0,990480.171875,275279.94140625,0.0,22020.332641601562,13187.152587890625,3464249.75,48.01568603515625,56.36973571777344,,nigeria,4,,,,,,,,,"AVE_0.7, 82%/86%"
2053.0,0.0,0.0,12994131.5625,0.0,1028494.5390625,260390.97265625,0.0,22410.790649414062,12693.5546875,3506478.0,47.839630126953125,55.70808410644531,,nigeria,4,,,,,,,,,"AVE_0.7, 82%/86%"
2054.0,0.0,0.0,13327951.0625,0.0,961770.53125,227563.0654296875,0.0,22646.538330078125,13990.1689453125,3657555.5,48.20963668823242,56.074134826660156,,nigeria,4,,,,,,,,,"AVE_0.7, 82%/86%"
2055.0,0.0,0.0,13537965.375,0.0,975775.3984375,264958.5927734375,0.0,23353.7822265625,13923.864990234375,3708521.5,48.0809440612793,56.565181732177734,,nigeria,4,,,,,,,,,"AVE_0.7, 82%/86%"
2056.0,0.0,0.0,14010559.0625,0.0,988785.71875,297064.513671875,0.0,23965.253295898438,14085.941650390625,3650166.75,48.740013122558594,55.97273635864258,,nigeria,4,,,,,,,,,"AVE_0.7, 82%/86%"
2057.0,0.0,0.0,14130466.1875,0.0,1025753.96875,273858.072265625,0.0,24304.141235351562,14476.39892578125,3706119.75,48.213748931884766,56.37104034423828,,nigeria,4,,,,,,,,,"AVE_0.7, 82%/86%"
2058.0,0.0,0.0,14499912.5,0.0,1082878.6875,268310.623046875,0.0,24760.90283203125,14557.437255859375,3781080.25,47.614017486572266,56.11152648925781,,nigeria,4,,,,,,,,,"AVE_0.7, 82%/86%"
2059.0,0.0,0.0,14940031.25,0.0,1084278.3984375,291082.4140625,0.0,25895.440063476562,15220.477783203125,3768106.75,48.70368194580078,55.85203170776367,,nigeria,4,,,,,,,,,"AVE_0.7, 82%/86%"
2060.0,0.0,0.0,15415600.875,0.0,1144806.6484375,300409.205078125,0.0,25814.401611328125,15242.57958984375,3877486.5,48.36046600341797,56.001121520996094,,nigeria,4,,,,,,,,,"AVE_0.7, 82%/86%"
